INSERT INTO dim_date (date_key, full_date, day_of_week, day_of_month, month, month_name, quarter, year, is_weekend) VALUES
(20240101, '2024-01-01', 'Monday', 1, 1, 'January', 'Q1', 2024, FALSE),
(20240102, '2024-01-02', 'Tuesday', 2, 1, 'January', 'Q1', 2024, FALSE),
(20240103, '2024-01-03', 'Wednesday', 3, 1, 'January', 'Q1', 2024, FALSE),
(20240104, '2024-01-04', 'Thursday', 4, 1, 'January', 'Q1', 2024, FALSE),
(20240105, '2024-01-05', 'Friday', 5, 1, 'January', 'Q1', 2024, FALSE),
(20240106, '2024-01-06', 'Saturday', 6, 1, 'January', 'Q1', 2024, TRUE),
(20240107, '2024-01-07', 'Sunday', 7, 1, 'January', 'Q1', 2024, TRUE),
(20240108, '2024-01-08', 'Monday', 8, 1, 'January', 'Q1', 2024, FALSE),
(20240109, '2024-01-09', 'Tuesday', 9, 1, 'January', 'Q1', 2024, FALSE),
(20240110, '2024-01-10', 'Wednesday', 10, 1, 'January', 'Q1', 2024, FALSE),
(20240111, '2024-01-11', 'Thursday', 11, 1, 'January', 'Q1', 2024, FALSE),
(20240112, '2024-01-12', 'Friday', 12, 1, 'January', 'Q1', 2024, FALSE),
(20240113, '2024-01-13', 'Saturday', 13, 1, 'January', 'Q1', 2024, TRUE),
(20240114, '2024-01-14', 'Sunday', 14, 1, 'January', 'Q1', 2024, TRUE),
(20240115, '2024-01-15', 'Monday', 15, 1, 'January', 'Q1', 2024, FALSE),
(20240116, '2024-01-16', 'Tuesday', 16, 1, 'January', 'Q1', 2024, FALSE),
(20240117, '2024-01-17', 'Wednesday', 17, 1, 'January', 'Q1', 2024, FALSE),
(20240118, '2024-01-18', 'Thursday', 18, 1, 'January', 'Q1', 2024, FALSE),
(20240119, '2024-01-19', 'Friday', 19, 1, 'January', 'Q1', 2024, FALSE),
(20240120, '2024-01-20', 'Saturday', 20, 1, 'January', 'Q1', 2024, TRUE),
(20240121, '2024-01-21', 'Sunday', 21, 1, 'January', 'Q1', 2024, TRUE),
(20240122, '2024-01-22', 'Monday', 22, 1, 'January', 'Q1', 2024, FALSE),
(20240123, '2024-01-23', 'Tuesday', 23, 1, 'January', 'Q1', 2024, FALSE),
(20240124, '2024-01-24', 'Wednesday', 24, 1, 'January', 'Q1', 2024, FALSE),
(20240125, '2024-01-25', 'Thursday', 25, 1, 'January', 'Q1', 2024, FALSE),
(20240126, '2024-01-26', 'Friday', 26, 1, 'January', 'Q1', 2024, FALSE),
(20240127, '2024-01-27', 'Saturday', 27, 1, 'January', 'Q1', 2024, TRUE),
(20240128, '2024-01-28', 'Sunday', 28, 1, 'January', 'Q1', 2024, TRUE),
(20240129, '2024-01-29', 'Monday', 29, 1, 'January', 'Q1', 2024, FALSE),
(20240130, '2024-01-30', 'Tuesday', 30, 1, 'January', 'Q1', 2024, FALSE);

INSERT INTO dim_product (product_id, product_name, category, subcategory, unit_price) VALUES
('ELEC001', 'Samsung S21', 'Electronics', 'Phones', 45000),
('ELEC002', 'MacBook Air', 'Electronics', 'Laptops', 85000),
('ELEC003', 'Sony WH-1000XM4', 'Electronics', 'Audio', 24000),
('ELEC004', 'iPad Pro', 'Electronics', 'Tablets', 72000),
('ELEC005', 'Dell Monitor', 'Electronics', 'Peripherals', 15000),
('FASH001', 'Nike Air Max', 'Fashion', 'Shoes', 9000),
('FASH002', 'Levis 501', 'Fashion', 'Apparel', 3500),
('FASH003', 'Ray-Ban Wayfarer', 'Fashion', 'Accessories', 12000),
('FASH004', 'Adidas Hoodie', 'Fashion', 'Apparel', 4500),
('FASH005', 'Casio G-Shock', 'Fashion', 'Watches', 8000),
('GROC001', 'Basmati Rice 5kg', 'Groceries', 'Pantry', 800),
('GROC002', 'Olive Oil 1L', 'Groceries', 'Pantry', 1200),
('GROC003', 'Organic Honey', 'Groceries', 'Pantry', 450),
('GROC004', 'Coffee Beans 500g', 'Groceries', 'Beverages', 600),
('GROC005', 'Dark Chocolate', 'Groceries', 'Snacks', 150);

INSERT INTO dim_customer (customer_id, customer_name, city, state, customer_segment) VALUES
('C001', 'Rahul Sharma', 'Mumbai', 'Maharashtra', 'Gold'),
('C002', 'Ananya Iyer', 'Mumbai', 'Maharashtra', 'Silver'),
('C003', 'Amit Verma', 'Delhi', 'Delhi', 'Regular'),
('C004', 'Sneha Kapoor', 'Delhi', 'Delhi', 'Gold'),
('C005', 'Vikram Singh', 'Bangalore', 'Karnataka', 'Silver'),
('C006', 'Priya Das', 'Bangalore', 'Karnataka', 'Regular'),
('C007', 'Rohan Mehra', 'Hyderabad', 'Telangana', 'Gold'),
('C008', 'Kriti Shetty', 'Hyderabad', 'Telangana', 'Silver'),
('C009', 'Siddharth Rao', 'Mumbai', 'Maharashtra', 'Regular'),
('C010', 'Ishita Gupta', 'Delhi', 'Delhi', 'Silver'),
('C011', 'Arjun Nair', 'Bangalore', 'Karnataka', 'Gold'),
('C012', 'Meera Joshi', 'Hyderabad', 'Telangana', 'Regular');

INSERT INTO fact_sales (date_key, product_key, customer_key, quantity_sold, unit_price, discount_amount, total_amount) VALUES
(20240110, 5, 3, 3, 15000, 750.0, 44250.0),
(20240108, 14, 5, 5, 600, 30.0, 2970.0),
(20240121, 2, 6, 3, 85000, 4250.0, 250750.0),
(20240102, 11, 2, 2, 800, 0, 1600),
(20240113, 1, 8, 1, 45000, 0, 45000),
(20240102, 14, 12, 3, 600, 30.0, 1770.0),
(20240110, 14, 9, 1, 600, 0, 600),
(20240119, 15, 8, 3, 150, 7.5, 442.5),
(20240113, 9, 6, 3, 4500, 225.0, 13275.0),
(20240116, 3, 4, 2, 24000, 0, 48000),
(20240104, 4, 6, 3, 72000, 3600.0, 212400.0),
(20240128, 3, 12, 2, 24000, 0, 48000),
(20240130, 7, 2, 2, 3500, 0, 7000),
(20240120, 12, 9, 3, 1200, 60.0, 3540.0),
(20240124, 5, 9, 3, 15000, 750.0, 44250.0),
(20240109, 1, 6, 1, 45000, 0, 45000),
(20240111, 9, 4, 2, 4500, 0, 9000),
(20240114, 15, 7, 2, 150, 0, 300),
(20240110, 1, 12, 1, 45000, 0, 45000),
(20240109, 14, 6, 1, 600, 0, 600),
(20240113, 14, 5, 3, 600, 30.0, 1770.0),
(20240118, 15, 10, 3, 150, 7.5, 442.5),
(20240126, 7, 3, 3, 3500, 175.0, 10325.0),
(20240111, 5, 9, 3, 15000, 750.0, 44250.0),
(20240108, 14, 2, 2, 600, 0, 1200),
(20240124, 10, 9, 3, 8000, 400.0, 23600.0),
(20240120, 9, 12, 3, 4500, 225.0, 13275.0),
(20240104, 1, 8, 2, 45000, 0, 90000),
(20240121, 1, 8, 1, 45000, 0, 45000),
(20240110, 5, 7, 3, 15000, 750.0, 44250.0),
(20240107, 8, 2, 2, 12000, 0, 24000),
(20240129, 10, 4, 5, 8000, 400.0, 39600.0),
(20240115, 14, 3, 3, 600, 30.0, 1770.0),
(20240103, 12, 4, 2, 1200, 0, 2400),
(20240117, 12, 9, 3, 1200, 60.0, 3540.0),
(20240118, 12, 2, 1, 1200, 0, 1200),
(20240114, 7, 4, 3, 3500, 175.0, 10325.0),
(20240107, 2, 1, 1, 85000, 0, 85000),
(20240112, 10, 3, 3, 8000, 400.0, 23600.0),
(20240111, 11, 11, 1, 800, 0, 800);